timestamp,trader_id,symbol,side,quantity,price,order_id,status
09:15:01,T001,NVDA,BUY,1000,150.25,O0001,NEW
09:15:03,T001,NVDA,BUY,1000,150.25,O0001,EXECUTE
09:15:10,T002,AAPL,SELL,500,220.10,O0002,NEW
09:15:12,T002,AAPL,SELL,500,220.10,O0002,EXECUTE
09:15:20,T003,TSLA,BUY,700,310.20,O0003,NEW
09:15:22,T003,TSLA,BUY,700,310.20,O0003,EXECUTE
09:15:35,T004,MSFT,BUY,400,420.50,O0004,NEW
09:15:38,T004,MSFT,BUY,400,420.50,O0004,EXECUTE
09:15:50,T005,HDFCBANK,SELL,200,1800.50,O0005,NEW
09:15:54,T005,HDFCBANK,SELL,200,1800.50,O0005,EXECUTE
09:16:05,T006,RELIANCE,BUY,300,2951.00,O0006,NEW
09:16:08,T006,RELIANCE,BUY,300,2951.00,O0006,EXECUTE
09:16:20,T008,INFY,BUY,600,1550.20,O0007,NEW
09:16:22,T008,INFY,BUY,600,1550.20,O0007,EXECUTE
09:16:35,T009,TCS,SELL,150,4102.00,O0008,NEW
09:16:37,T009,TCS,SELL,150,4102.00,O0008,EXECUTE
09:16:50,T010,NVDA,BUY,800,150.40,O0009,NEW
09:16:52,T010,NVDA,BUY,800,150.40,O0009,EXECUTE
09:17:05,T012,AAPL,BUY,1000,220.30,O0010,NEW
09:17:07,T012,AAPL,BUY,1000,220.30,O0010,EXECUTE
09:17:20,T013,TSLA,SELL,500,310.40,O0011,NEW
09:17:23,T013,TSLA,SELL,500,310.40,O0011,EXECUTE
09:17:35,T014,MSFT,BUY,350,420.80,O0012,NEW
09:17:38,T014,MSFT,BUY,350,420.80,O0012,EXECUTE
09:17:50,T016,HDFCBANK,BUY,250,1801.20,O0013,NEW
09:17:53,T016,HDFCBANK,BUY,250,1801.20,O0013,EXECUTE
09:18:05,T017,RELIANCE,SELL,200,2952.00,O0014,NEW
09:18:07,T017,RELIANCE,SELL,200,2952.00,O0014,EXECUTE
09:18:20,T019,INFY,BUY,450,1550.80,O0015,NEW
09:18:22,T019,INFY,BUY,450,1550.80,O0015,EXECUTE
09:18:35,T024,TCS,BUY,100,4103.00,O0016,NEW
09:18:37,T024,TCS,BUY,100,4103.00,O0016,EXECUTE
09:18:50,T025,NVDA,SELL,600,150.55,O0017,NEW
09:18:53,T025,NVDA,SELL,600,150.55,O0017,EXECUTE

09:40:01,T007,NVDA,BUY,50000,151.00,O1001,NEW
09:40:02,T007,NVDA,BUY,50000,151.10,O1002,NEW
09:40:03,T007,NVDA,BUY,50000,151.20,O1003,NEW
09:40:04,T007,NVDA,BUY,50000,151.00,O1001,CANCEL
09:40:04,T007,NVDA,BUY,50000,151.10,O1002,CANCEL
09:40:05,T007,NVDA,BUY,50000,151.20,O1003,CANCEL
09:40:06,T007,NVDA,SELL,1000,152.20,O1004,NEW
09:40:08,T007,NVDA,SELL,1000,152.20,O1004,EXECUTE

10:05:01,T011,RELIANCE,BUY,5000,2975.00,O2001,NEW
10:05:03,T011,RELIANCE,BUY,5000,2975.00,O2001,EXECUTE
10:05:20,T011,RELIANCE,SELL,5000,2975.00,O2002,NEW
10:05:22,T011,RELIANCE,SELL,5000,2975.00,O2002,EXECUTE

10:06:00,T003,NVDA,BUY,900,152.50,O0018,NEW
10:06:02,T003,NVDA,BUY,900,152.50,O0018,EXECUTE
10:06:20,T004,AAPL,SELL,700,221.10,O0019,NEW
10:06:22,T004,AAPL,SELL,700,221.10,O0019,EXECUTE

10:10:01,T001,MSFT,BUY,500,421.20,O0020,NEW
10:10:03,T001,MSFT,BUY,500,421.20,O0020,EXECUTE
10:10:15,T002,HDFCBANK,BUY,300,1803.00,O0021,NEW
10:10:17,T002,HDFCBANK,BUY,300,1803.00,O0021,EXECUTE
10:10:30,T003,INFY,SELL,400,1551.50,O0022,NEW
10:10:32,T003,INFY,SELL,400,1551.50,O0022,EXECUTE
10:10:45,T004,TCS,BUY,100,4108.00,O0023,NEW
10:10:47,T004,TCS,BUY,100,4108.00,O0023,EXECUTE
10:11:00,T005,NVDA,BUY,700,153.10,O0024,NEW
10:11:02,T005,NVDA,BUY,700,153.10,O0024,EXECUTE
10:11:15,T006,AAPL,SELL,500,221.50,O0025,NEW
10:11:17,T006,AAPL,SELL,500,221.50,O0025,EXECUTE

10:12:00,T015,TSLA,BUY,10000,312.00,O3001,NEW
10:12:02,T015,TSLA,BUY,10000,312.00,O3001,EXECUTE
10:12:20,T015,TSLA,BUY,12000,312.50,O3002,NEW
10:12:22,T015,TSLA,BUY,12000,312.50,O3002,EXECUTE
10:12:40,T015,TSLA,BUY,15000,313.00,O3003,NEW
10:12:42,T015,TSLA,BUY,15000,313.00,O3003,EXECUTE
10:13:00,T015,TSLA,BUY,18000,313.80,O3004,NEW
10:13:03,T015,TSLA,BUY,18000,313.80,O3004,EXECUTE
10:13:20,T015,TSLA,BUY,20000,314.50,O3005,NEW
10:13:22,T015,TSLA,BUY,20000,314.50,O3005,EXECUTE
10:14:00,T015,TSLA,SELL,55000,318.50,O3006,NEW
10:14:03,T015,TSLA,SELL,55000,318.50,O3006,EXECUTE

10:15:00,T008,RELIANCE,BUY,600,2978.00,O0026,NEW
10:15:02,T008,RELIANCE,BUY,600,2978.00,O0026,EXECUTE
10:15:20,T009,HDFCBANK,SELL,200,1804.00,O0027,NEW
10:15:22,T009,HDFCBANK,SELL,200,1804.00,O0027,EXECUTE

10:16:00,T018,MSFT,BUY,5000,423.00,O4001,NEW
10:16:01,T018,MSFT,BUY,5000,423.00,O4001,CANCEL
10:16:03,T018,MSFT,BUY,5000,423.10,O4002,NEW
10:16:04,T018,MSFT,BUY,5000,423.10,O4002,CANCEL
10:16:06,T018,MSFT,BUY,5000,423.20,O4003,NEW
10:16:07,T018,MSFT,BUY,5000,423.20,O4003,CANCEL
10:16:09,T018,MSFT,BUY,5000,423.30,O4004,NEW
10:16:10,T018,MSFT,BUY,5000,423.30,O4004,CANCEL
10:16:12,T018,MSFT,BUY,5000,423.40,O4005,NEW
10:16:13,T018,MSFT,BUY,5000,423.40,O4005,CANCEL
10:16:15,T018,MSFT,BUY,5000,423.50,O4006,NEW
10:16:16,T018,MSFT,BUY,5000,423.50,O4006,CANCEL
10:16:18,T018,MSFT,BUY,5000,423.60,O4007,NEW
10:16:19,T018,MSFT,BUY,5000,423.60,O4007,CANCEL
10:16:21,T018,MSFT,BUY,5000,423.70,O4008,NEW
10:16:22,T018,MSFT,BUY,5000,423.70,O4008,CANCEL

10:17:00,T010,NVDA,BUY,1200,153.60,O0028,NEW
10:17:02,T010,NVDA,BUY,1200,153.60,O0028,EXECUTE
10:17:20,T012,AAPL,BUY,800,221.80,O0029,NEW
10:17:22,T012,AAPL,BUY,800,221.80,O0029,EXECUTE
10:17:40,T013,INFY,SELL,500,1552.00,O0030,NEW
10:17:42,T013,INFY,SELL,500,1552.00,O0030,EXECUTE
10:18:00,T014,TCS,BUY,200,4110.00,O0031,NEW
10:18:02,T014,TCS,BUY,200,4110.00,O0031,EXECUTE

10:20:01,T001,NVDA,BUY,900,154.10,O0032,NEW
10:20:03,T001,NVDA,BUY,900,154.10,O0032,EXECUTE
10:20:20,T002,AAPL,SELL,600,222.00,O0033,NEW
10:20:22,T002,AAPL,SELL,600,222.00,O0033,EXECUTE
10:20:40,T003,MSFT,BUY,300,424.00,O0034,NEW
10:20:42,T003,MSFT,BUY,300,424.00,O0034,EXECUTE
10:21:00,T004,HDFCBANK,BUY,400,1805.00,O0035,NEW
10:21:02,T004,HDFCBANK,BUY,400,1805.00,O0035,EXECUTE
10:21:20,T005,RELIANCE,SELL,250,2980.00,O0036,NEW
10:21:22,T005,RELIANCE,SELL,250,2980.00,O0036,EXECUTE

10:05:00,T021,NVDA,BUY,25000,154.00,O6001,NEW
10:05:02,T021,NVDA,BUY,25000,154.00,O6001,EXECUTE
10:06:00,T021,NVDA,BUY,20000,154.20,O6002,NEW
10:06:03,T021,NVDA,BUY,20000,154.20,O6002,EXECUTE
10:08:00,T021,NVDA,BUY,15000,154.50,O6003,NEW
10:08:02,T021,NVDA,BUY,15000,154.50,O6003,EXECUTE
10:30:00,T021,NVDA,SELL,60000,165.50,O6004,NEW
10:30:03,T021,NVDA,SELL,60000,165.50,O6004,EXECUTE

10:31:00,T006,INFY,BUY,700,1553.00,O0037,NEW
10:31:02,T006,INFY,BUY,700,1553.00,O0037,EXECUTE
10:31:20,T008,TCS,SELL,200,4112.00,O0038,NEW
10:31:22,T008,TCS,SELL,200,4112.00,O0038,EXECUTE

10:32:00,T022,NVDA,BUY,30000,166.00,O7001,NEW
10:32:02,T022,NVDA,BUY,30000,166.00,O7001,EXECUTE
10:33:00,T022,NVDA,BUY,25000,166.50,O7002,NEW
10:33:02,T022,NVDA,BUY,25000,166.50,O7002,EXECUTE
10:34:00,T022,NVDA,BUY,20000,167.00,O7003,NEW
10:34:03,T022,NVDA,BUY,20000,167.00,O7003,EXECUTE

10:35:00,T009,AAPL,BUY,500,222.50,O0039,NEW
10:35:02,T009,AAPL,BUY,500,222.50,O0039,EXECUTE
10:35:20,T010,MSFT,SELL,350,424.50,O0040,NEW
10:35:22,T010,MSFT,SELL,350,424.50,O0040,EXECUTE

12:01:00,T023,MSFT,BUY,18000,428.00,O8001,NEW
12:01:03,T023,MSFT,BUY,18000,428.00,O8001,EXECUTE
12:02:00,T023,AAPL,BUY,15000,223.50,O8002,NEW
12:02:02,T023,AAPL,BUY,15000,223.50,O8002,EXECUTE
12:03:00,T023,NVDA,BUY,12000,168.00,O8003,NEW
12:03:02,T023,NVDA,BUY,12000,168.00,O8003,EXECUTE

12:05:00,T012,RELIANCE,BUY,400,2985.00,O0041,NEW
12:05:02,T012,RELIANCE,BUY,400,2985.00,O0041,EXECUTE
12:05:20,T013,HDFCBANK,SELL,300,1808.00,O0042,NEW
12:05:22,T013,HDFCBANK,SELL,300,1808.00,O0042,EXECUTE
12:05:40,T014,INFY,BUY,450,1554.00,O0043,NEW
12:05:42,T014,INFY,BUY,450,1554.00,O0043,EXECUTE
12:06:00,T016,TCS,BUY,250,4115.00,O0044,NEW
12:06:02,T016,TCS,BUY,250,4115.00,O0044,EXECUTE
12:06:20,T017,NVDA,SELL,1000,168.20,O0045,NEW
12:06:22,T017,NVDA,SELL,1000,168.20,O0045,EXECUTE

15:16:00,T020,INFY,BUY,50000,1565.00,O5001,NEW
15:16:02,T020,INFY,BUY,50000,1565.00,O5001,EXECUTE
15:17:00,T020,INFY,BUY,40000,1568.00,O5002,NEW
15:17:02,T020,INFY,BUY,40000,1568.00,O5002,EXECUTE
15:18:00,T020,INFY,BUY,30000,1572.00,O5003,NEW
15:18:02,T020,INFY,BUY,30000,1572.00,O5003,EXECUTE

15:18:20,T019,MSFT,BUY,600,429.00,O0046,NEW
15:18:22,T019,MSFT,BUY,600,429.00,O0046,EXECUTE
15:18:40,T024,AAPL,SELL,700,224.10,O0047,NEW
15:18:42,T024,AAPL,SELL,700,224.10,O0047,EXECUTE
15:19:00,T025,RELIANCE,BUY,500,2990.00,O0048,NEW
15:19:02,T025,RELIANCE,BUY,500,2990.00,O0048,EXECUTE

12:15:01,T001,NVDA,BUY,1100,168.40,O0049,NEW
12:15:03,T001,NVDA,BUY,1100,168.40,O0049,EXECUTE
12:15:20,T002,AAPL,SELL,500,224.20,O0050,NEW
12:15:22,T002,AAPL,SELL,500,224.20,O0050,EXECUTE
12:15:40,T003,MSFT,BUY,400,429.20,O0051,NEW
12:15:42,T003,MSFT,BUY,400,429.20,O0051,EXECUTE
12:16:00,T004,HDFCBANK,BUY,350,1809.00,O0052,NEW
12:16:02,T004,HDFCBANK,BUY,350,1809.00,O0052,EXECUTE
12:16:20,T005,RELIANCE,SELL,250,2991.00,O0053,NEW
12:16:22,T005,RELIANCE,SELL,250,2991.00,O0053,EXECUTE
12:16:40,T006,INFY,BUY,700,1555.00,O0054,NEW
12:16:42,T006,INFY,BUY,700,1555.00,O0054,EXECUTE

12:17:00,T007,AAPL,BUY,40000,224.50,O9001,NEW
12:17:01,T007,AAPL,BUY,40000,224.60,O9002,NEW
12:17:02,T007,AAPL,BUY,40000,224.70,O9003,NEW
12:17:03,T007,AAPL,BUY,40000,224.50,O9001,CANCEL
12:17:03,T007,AAPL,BUY,40000,224.60,O9002,CANCEL
12:17:04,T007,AAPL,BUY,40000,224.70,O9003,CANCEL
12:17:05,T007,AAPL,SELL,1500,225.40,O9004,NEW
12:17:07,T007,AAPL,SELL,1500,225.40,O9004,EXECUTE

12:18:00,T008,TCS,BUY,200,4118.00,O0055,NEW
12:18:02,T008,TCS,BUY,200,4118.00,O0055,EXECUTE
12:18:20,T009,NVDA,SELL,1000,168.60,O0056,NEW
12:18:22,T009,NVDA,SELL,1000,168.60,O0056,EXECUTE
12:18:40,T010,MSFT,BUY,500,429.50,O0057,NEW
12:18:42,T010,MSFT,BUY,500,429.50,O0057,EXECUTE

12:19:00,T011,HDFCBANK,BUY,6000,1810.00,O9101,NEW
12:19:02,T011,HDFCBANK,BUY,6000,1810.00,O9101,EXECUTE
12:19:20,T011,HDFCBANK,SELL,6000,1810.00,O9102,NEW
12:19:22,T011,HDFCBANK,SELL,6000,1810.00,O9102,EXECUTE

12:20:00,T012,RELIANCE,BUY,450,2992.00,O0058,NEW
12:20:02,T012,RELIANCE,BUY,450,2992.00,O0058,EXECUTE
12:20:20,T013,INFY,SELL,350,1555.50,O0059,NEW
12:20:22,T013,INFY,SELL,350,1555.50,O0059,EXECUTE
12:20:40,T014,AAPL,BUY,700,224.80,O0060,NEW
12:20:42,T014,AAPL,BUY,700,224.80,O0060,EXECUTE
12:21:00,T016,MSFT,SELL,300,429.80,O0061,NEW
12:21:02,T016,MSFT,SELL,300,429.80,O0061,EXECUTE
12:21:20,T017,TCS,BUY,150,4120.00,O0062,NEW
12:21:22,T017,TCS,BUY,150,4120.00,O0062,EXECUTE
12:21:40,T018,NVDA,BUY,1200,168.80,O0063,NEW
12:21:42,T018,NVDA,BUY,1200,168.80,O0063,EXECUTE
12:22:00,T019,HDFCBANK,SELL,250,1811.00,O0064,NEW
12:22:02,T019,HDFCBANK,SELL,250,1811.00,O0064,EXECUTE
12:22:20,T020,RELIANCE,BUY,500,2993.00,O0065,NEW
12:22:22,T020,RELIANCE,BUY,500,2993.00,O0065,EXECUTE
12:22:40,T021,INFY,BUY,400,1556.00,O0066,NEW
12:22:42,T021,INFY,BUY,400,1556.00,O0066,EXECUTE
12:23:00,T022,NVDA,BUY,1500,169.00,O0067,NEW
12:23:02,T022,NVDA,BUY,1500,169.00,O0067,EXECUTE
12:23:20,T023,MSFT,SELL,450,430.00,O0068,NEW
12:23:22,T023,MSFT,SELL,450,430.00,O0068,EXECUTE
12:23:40,T024,AAPL,BUY,800,225.00,O0069,NEW
12:23:42,T024,AAPL,BUY,800,225.00,O0069,EXECUTE
12:24:00,T025,TCS,SELL,120,4122.00,O0070,NEW
12:24:02,T025,TCS,SELL,120,4122.00,O0070,EXECUTE

12:50:01,T001,NVDA,BUY,900,170.20,O0094,NEW
12:50:03,T001,NVDA,BUY,900,170.20,O0094,EXECUTE
12:50:20,T002,AAPL,SELL,400,226.00,O0095,NEW
12:50:22,T002,AAPL,SELL,400,226.00,O0095,EXECUTE
12:50:40,T003,MSFT,BUY,300,431.20,O0096,NEW
12:50:42,T003,MSFT,BUY,300,431.20,O0096,EXECUTE
12:51:00,T004,HDFCBANK,BUY,250,1815.00,O0097,NEW
12:51:02,T004,HDFCBANK,BUY,250,1815.00,O0097,EXECUTE
12:51:20,T005,RELIANCE,SELL,300,3005.00,O0098,NEW
12:51:22,T005,RELIANCE,SELL,300,3005.00,O0098,EXECUTE

12:52:00,T007,MSFT,BUY,60000,431.50,O12001,NEW
12:52:01,T007,MSFT,BUY,60000,431.60,O12002,NEW
12:52:02,T007,MSFT,BUY,60000,431.70,O12003,NEW
12:52:03,T007,MSFT,BUY,60000,431.80,O12004,NEW
12:52:04,T007,MSFT,BUY,60000,431.50,O12001,CANCEL
12:52:04,T007,MSFT,BUY,60000,431.60,O12002,CANCEL
12:52:05,T007,MSFT,BUY,60000,431.70,O12003,CANCEL
12:52:05,T007,MSFT,BUY,60000,431.80,O12004,CANCEL
12:52:07,T007,MSFT,SELL,2000,433.00,O12005,NEW
12:52:09,T007,MSFT,SELL,2000,433.00,O12005,EXECUTE

12:53:00,T006,INFY,BUY,500,1558.50,O0099,NEW
12:53:02,T006,INFY,BUY,500,1558.50,O0099,EXECUTE
12:53:20,T008,TCS,BUY,150,4132.00,O0100,NEW
12:53:22,T008,TCS,BUY,150,4132.00,O0100,EXECUTE
12:53:40,T009,NVDA,SELL,700,170.40,O0101,NEW
12:53:42,T009,NVDA,SELL,700,170.40,O0101,EXECUTE
12:54:00,T010,AAPL,BUY,600,226.20,O0102,NEW
12:54:02,T010,AAPL,BUY,600,226.20,O0102,EXECUTE

12:55:00,T015,TSLA,BUY,15000,322.00,O13001,NEW
12:55:02,T015,TSLA,BUY,15000,322.00,O13001,EXECUTE
12:55:20,T015,TSLA,BUY,18000,322.80,O13002,NEW
12:55:22,T015,TSLA,BUY,18000,322.80,O13002,EXECUTE
12:55:40,T015,TSLA,BUY,20000,323.50,O13003,NEW
12:55:42,T015,TSLA,BUY,20000,323.50,O13003,EXECUTE
12:56:00,T015,TSLA,BUY,25000,324.20,O13004,NEW
12:56:03,T015,TSLA,BUY,25000,324.20,O13004,EXECUTE
12:57:00,T015,TSLA,SELL,70000,329.00,O13005,NEW
12:57:03,T015,TSLA,SELL,70000,329.00,O13005,EXECUTE

12:58:00,T011,HDFCBANK,BUY,300,1816.00,O0103,NEW
12:58:02,T011,HDFCBANK,BUY,300,1816.00,O0103,EXECUTE
12:58:20,T012,RELIANCE,SELL,250,3008.00,O0104,NEW
12:58:22,T012,RELIANCE,SELL,250,3008.00,O0104,EXECUTE
12:58:40,T013,INFY,BUY,450,1559.00,O0105,NEW
12:58:42,T013,INFY,BUY,450,1559.00,O0105,EXECUTE
12:59:00,T014,TCS,SELL,100,4135.00,O0106,NEW
12:59:02,T014,TCS,SELL,100,4135.00,O0106,EXECUTE
12:59:20,T016,NVDA,BUY,800,170.80,O0107,NEW
12:59:22,T016,NVDA,BUY,800,170.80,O0107,EXECUTE
12:59:40,T017,MSFT,BUY,350,432.00,O0108,NEW
12:59:42,T017,MSFT,BUY,350,432.00,O0108,EXECUTE
13:00:00,T018,AAPL,SELL,400,226.50,O0109,NEW
13:00:02,T018,AAPL,SELL,400,226.50,O0109,EXECUTE
13:00:20,T019,RELIANCE,BUY,300,3010.00,O0110,NEW
13:00:22,T019,RELIANCE,BUY,300,3010.00,O0110,EXECUTE
13:00:40,T020,INFY,BUY,500,1560.00,O0111,NEW
13:00:42,T020,INFY,BUY,500,1560.00,O0111,EXECUTE
13:01:00,T021,NVDA,SELL,900,171.00,O0112,NEW
13:01:02,T021,NVDA,SELL,900,171.00,O0112,EXECUTE
13:01:20,T022,HDFCBANK,BUY,250,1817.00,O0113,NEW
13:01:22,T022,HDFCBANK,BUY,250,1817.00,O0113,EXECUTE
13:01:40,T023,TCS,BUY,150,4138.00,O0114,NEW
13:01:42,T023,TCS,BUY,150,4138.00,O0114,EXECUTE
13:02:00,T024,TSLA,SELL,600,329.50,O0115,NEW
13:02:02,T024,TSLA,SELL,600,329.50,O0115,EXECUTE
13:02:20,T025,AAPL,BUY,500,226.80,O0116,NEW
13:02:22,T025,AAPL,BUY,500,226.80,O0116,EXECUTE

13:10:01,T001,NVDA,BUY,1000,171.20,O0117,NEW
13:10:03,T001,NVDA,BUY,1000,171.20,O0117,EXECUTE
13:10:20,T002,AAPL,SELL,400,227.00,O0118,NEW
13:10:22,T002,AAPL,SELL,400,227.00,O0118,EXECUTE
13:10:40,T003,MSFT,BUY,350,432.50,O0119,NEW
13:10:42,T003,MSFT,BUY,350,432.50,O0119,EXECUTE
13:11:00,T004,HDFCBANK,BUY,250,1818.00,O0120,NEW
13:11:02,T004,HDFCBANK,BUY,250,1818.00,O0120,EXECUTE
13:11:20,T005,RELIANCE,SELL,300,3012.00,O0121,NEW
13:11:22,T005,RELIANCE,SELL,300,3012.00,O0121,EXECUTE

13:12:00,T018,NVDA,BUY,8000,171.50,O14001,NEW
13:12:01,T018,NVDA,BUY,8000,171.50,O14001,CANCEL
13:12:03,T018,NVDA,BUY,8000,171.60,O14002,NEW
13:12:04,T018,NVDA,BUY,8000,171.60,O14002,CANCEL
13:12:06,T018,NVDA,BUY,8000,171.70,O14003,NEW
13:12:07,T018,NVDA,BUY,8000,171.70,O14003,CANCEL
13:12:09,T018,NVDA,BUY,8000,171.80,O14004,NEW
13:12:10,T018,NVDA,BUY,8000,171.80,O14004,CANCEL
13:12:12,T018,NVDA,BUY,8000,171.90,O14005,NEW
13:12:13,T018,NVDA,BUY,8000,171.90,O14005,CANCEL
13:12:15,T018,NVDA,BUY,8000,172.00,O14006,NEW
13:12:16,T018,NVDA,BUY,8000,172.00,O14006,CANCEL
13:12:18,T018,NVDA,BUY,8000,172.10,O14007,NEW
13:12:19,T018,NVDA,BUY,8000,172.10,O14007,CANCEL
13:12:21,T018,NVDA,BUY,8000,172.20,O14008,NEW
13:12:22,T018,NVDA,BUY,8000,172.20,O14008,CANCEL

13:13:00,T006,INFY,BUY,500,1561.00,O0122,NEW
13:13:02,T006,INFY,BUY,500,1561.00,O0122,EXECUTE
13:13:20,T007,MSFT,SELL,250,433.00,O0123,NEW
13:13:22,T007,MSFT,SELL,250,433.00,O0123,EXECUTE
13:13:40,T008,TCS,BUY,150,4140.00,O0124,NEW
13:13:42,T008,TCS,BUY,150,4140.00,O0124,EXECUTE
13:14:00,T009,NVDA,BUY,700,172.30,O0125,NEW
13:14:02,T009,NVDA,BUY,700,172.30,O0125,EXECUTE
13:14:20,T010,AAPL,BUY,500,227.20,O0126,NEW
13:14:22,T010,AAPL,BUY,500,227.20,O0126,EXECUTE

13:15:00,T011,TCS,BUY,8000,4142.00,O15001,NEW
13:15:02,T011,TCS,BUY,8000,4142.00,O15001,EXECUTE
13:15:20,T011,TCS,SELL,8000,4142.00,O15002,NEW
13:15:22,T011,TCS,SELL,8000,4142.00,O15002,EXECUTE

13:16:00,T012,RELIANCE,BUY,350,3015.00,O0127,NEW
13:16:02,T012,RELIANCE,BUY,350,3015.00,O0127,EXECUTE
13:16:20,T013,HDFCBANK,SELL,250,1819.00,O0128,NEW
13:16:22,T013,HDFCBANK,SELL,250,1819.00,O0128,EXECUTE
13:16:40,T014,INFY,BUY,400,1562.00,O0129,NEW
13:16:42,T014,INFY,BUY,400,1562.00,O0129,EXECUTE
13:17:00,T015,TSLA,SELL,500,330.00,O0130,NEW
13:17:02,T015,TSLA,SELL,500,330.00,O0130,EXECUTE
13:17:20,T016,MSFT,BUY,300,433.50,O0131,NEW
13:17:22,T016,MSFT,BUY,300,433.50,O0131,EXECUTE
13:17:40,T017,NVDA,BUY,600,172.50,O0132,NEW
13:17:42,T017,NVDA,BUY,600,172.50,O0132,EXECUTE
13:18:00,T019,RELIANCE,SELL,200,3018.00,O0133,NEW
13:18:02,T019,RELIANCE,SELL,200,3018.00,O0133,EXECUTE
13:18:20,T020,INFY,BUY,450,1563.00,O0134,NEW
13:18:22,T020,INFY,BUY,450,1563.00,O0134,EXECUTE
13:18:40,T021,NVDA,SELL,700,172.80,O0135,NEW
13:18:42,T021,NVDA,SELL,700,172.80,O0135,EXECUTE
13:19:00,T022,HDFCBANK,BUY,200,1820.00,O0136,NEW
13:19:02,T022,HDFCBANK,BUY,200,1820.00,O0136,EXECUTE
13:19:20,T023,AAPL,SELL,300,227.50,O0137,NEW
13:19:22,T023,AAPL,SELL,300,227.50,O0137,EXECUTE
13:19:40,T024,TSLA,BUY,400,330.20,O0138,NEW
13:19:42,T024,TSLA,BUY,400,330.20,O0138,EXECUTE
13:20:00,T025,TCS,BUY,100,4145.00,O0139,NEW
13:20:02,T025,TCS,BUY,100,4145.00,O0139,EXECUTE

13:30:01,T001,NVDA,BUY,900,173.00,O0140,NEW
13:30:03,T001,NVDA,BUY,900,173.00,O0140,EXECUTE
13:30:20,T002,AAPL,SELL,500,227.80,O0141,NEW
13:30:22,T002,AAPL,SELL,500,227.80,O0141,EXECUTE
13:30:40,T003,MSFT,BUY,300,434.00,O0142,NEW
13:30:42,T003,MSFT,BUY,300,434.00,O0142,EXECUTE
13:31:00,T004,HDFCBANK,BUY,250,1821.00,O0143,NEW
13:31:02,T004,HDFCBANK,BUY,250,1821.00,O0143,EXECUTE
13:31:20,T005,RELIANCE,SELL,300,3020.00,O0144,NEW
13:31:22,T005,RELIANCE,SELL,300,3020.00,O0144,EXECUTE

13:32:00,T021,HDFCBANK,BUY,20000,1822.00,O16001,NEW
13:32:02,T021,HDFCBANK,BUY,20000,1822.00,O16001,EXECUTE
13:33:00,T021,HDFCBANK,BUY,18000,1823.00,O16002,NEW
13:33:02,T021,HDFCBANK,BUY,18000,1823.00,O16002,EXECUTE
13:34:00,T021,HDFCBANK,BUY,15000,1824.00,O16003,NEW
13:34:02,T021,HDFCBANK,BUY,15000,1824.00,O16003,EXECUTE
13:50:00,T021,HDFCBANK,SELL,53000,1843.00,O16004,NEW
13:50:03,T021,HDFCBANK,SELL,53000,1843.00,O16004,EXECUTE

13:35:00,T006,INFY,BUY,400,1564.00,O0145,NEW
13:35:02,T006,INFY,BUY,400,1564.00,O0145,EXECUTE
13:35:20,T007,AAPL,SELL,300,228.00,O0146,NEW
13:35:22,T007,AAPL,SELL,300,228.00,O0146,EXECUTE
13:35:40,T008,TCS,BUY,150,4148.00,O0147,NEW
13:35:42,T008,TCS,BUY,150,4148.00,O0147,EXECUTE
13:36:00,T009,NVDA,BUY,600,173.20,O0148,NEW
13:36:02,T009,NVDA,BUY,600,173.20,O0148,EXECUTE
13:36:20,T010,MSFT,SELL,250,434.50,O0149,NEW
13:36:22,T010,MSFT,SELL,250,434.50,O0149,EXECUTE

13:37:00,T011,RELIANCE,BUY,300,3022.00,O0150,NEW
13:37:02,T011,RELIANCE,BUY,300,3022.00,O0150,EXECUTE
13:37:20,T012,HDFCBANK,SELL,200,1824.00,O0151,NEW
13:37:22,T012,HDFCBANK,SELL,200,1824.00,O0151,EXECUTE
13:37:40,T013,INFY,BUY,350,1565.00,O0152,NEW
13:37:42,T013,INFY,BUY,350,1565.00,O0152,EXECUTE
13:38:00,T014,TCS,SELL,100,4150.00,O0153,NEW
13:38:02,T014,TCS,SELL,100,4150.00,O0153,EXECUTE
13:38:20,T015,TSLA,BUY,500,331.00,O0154,NEW
13:38:22,T015,TSLA,BUY,500,331.00,O0154,EXECUTE
13:38:40,T016,MSFT,BUY,300,435.00,O0155,NEW
13:38:42,T016,MSFT,BUY,300,435.00,O0155,EXECUTE

15:20:00,T020,TCS,BUY,40000,4170.00,O17001,NEW
15:20:02,T020,TCS,BUY,40000,4170.00,O17001,EXECUTE
15:21:00,T020,TCS,BUY,35000,4175.00,O17002,NEW
15:21:02,T020,TCS,BUY,35000,4175.00,O17002,EXECUTE
15:22:00,T020,TCS,BUY,30000,4180.00,O17003,NEW
15:22:02,T020,TCS,BUY,30000,4180.00,O17003,EXECUTE

13:39:00,T017,NVDA,SELL,500,173.40,O0156,NEW
13:39:02,T017,NVDA,SELL,500,173.40,O0156,EXECUTE
13:39:20,T018,AAPL,BUY,300,228.20,O0157,NEW
13:39:22,T018,AAPL,BUY,300,228.20,O0157,EXECUTE
13:39:40,T019,RELIANCE,SELL,250,3024.00,O0158,NEW
13:39:42,T019,RELIANCE,SELL,250,3024.00,O0158,EXECUTE
13:40:00,T022,NVDA,BUY,700,173.50,O0159,NEW
13:40:02,T022,NVDA,BUY,700,173.50,O0159,EXECUTE
13:40:20,T023,MSFT,SELL,200,435.20,O0160,NEW
13:40:22,T023,MSFT,SELL,200,435.20,O0160,EXECUTE
13:40:40,T024,TSLA,BUY,400,331.20,O0161,NEW
13:40:42,T024,TSLA,BUY,400,331.20,O0161,EXECUTE
13:41:00,T025,HDFCBANK,BUY,250,1825.00,O0162,NEW
13:41:02,T025,HDFCBANK,BUY,250,1825.00,O0162,EXECUTE

13:50:01,T001,NVDA,BUY,800,173.80,O0163,NEW
13:50:03,T001,NVDA,BUY,800,173.80,O0163,EXECUTE
13:50:20,T002,AAPL,SELL,500,228.50,O0164,NEW
13:50:22,T002,AAPL,SELL,500,228.50,O0164,EXECUTE
13:50:40,T003,MSFT,BUY,300,436.00,O0165,NEW
13:50:42,T003,MSFT,BUY,300,436.00,O0165,EXECUTE
13:51:00,T004,HDFCBANK,BUY,250,1826.00,O0166,NEW
13:51:02,T004,HDFCBANK,BUY,250,1826.00,O0166,EXECUTE
13:51:20,T005,RELIANCE,SELL,300,3028.00,O0167,NEW
13:51:22,T005,RELIANCE,SELL,300,3028.00,O0167,EXECUTE

13:52:00,T007,RELIANCE,BUY,70000,3030.00,O18001,NEW
13:52:01,T007,RELIANCE,BUY,70000,3031.00,O18002,NEW
13:52:02,T007,RELIANCE,BUY,70000,3032.00,O18003,NEW
13:52:03,T007,RELIANCE,BUY,70000,3033.00,O18004,NEW
13:52:04,T007,RELIANCE,BUY,70000,3030.00,O18001,CANCEL
13:52:05,T007,RELIANCE,BUY,70000,3031.00,O18002,CANCEL
13:52:05,T007,RELIANCE,BUY,70000,3032.00,O18003,CANCEL
13:52:06,T007,RELIANCE,BUY,70000,3033.00,O18004,CANCEL
13:52:08,T007,RELIANCE,SELL,2500,3045.00,O18005,NEW
13:52:10,T007,RELIANCE,SELL,2500,3045.00,O18005,EXECUTE

13:53:00,T006,INFY,BUY,450,1566.00,O0168,NEW
13:53:02,T006,INFY,BUY,450,1566.00,O0168,EXECUTE
13:53:20,T008,TCS,BUY,150,4152.00,O0169,NEW
13:53:22,T008,TCS,BUY,150,4152.00,O0169,EXECUTE
13:53:40,T009,NVDA,SELL,700,174.00,O0170,NEW
13:53:42,T009,NVDA,SELL,700,174.00,O0170,EXECUTE
13:54:00,T010,AAPL,BUY,500,228.80,O0171,NEW
13:54:02,T010,AAPL,BUY,500,228.80,O0171,EXECUTE

13:55:00,T019,MSFT,BUY,50000,436.50,O19001,NEW
13:55:02,T019,MSFT,BUY,50000,436.50,O19001,EXECUTE
13:55:30,T019,MSFT,BUY,45000,437.20,O19002,NEW
13:55:32,T019,MSFT,BUY,45000,437.20,O19002,EXECUTE
13:56:00,T019,MSFT,BUY,40000,438.00,O19003,NEW
13:56:02,T019,MSFT,BUY,40000,438.00,O19003,EXECUTE
13:57:00,T019,MSFT,SELL,120000,441.50,O19004,NEW
13:57:03,T019,MSFT,SELL,120000,441.50,O19004,EXECUTE

13:58:00,T011,HDFCBANK,BUY,300,1827.00,O0172,NEW
13:58:02,T011,HDFCBANK,BUY,300,1827.00,O0172,EXECUTE
13:58:20,T012,RELIANCE,SELL,250,3030.00,O0173,NEW
13:58:22,T012,RELIANCE,SELL,250,3030.00,O0173,EXECUTE
13:58:40,T013,INFY,BUY,350,1567.00,O0174,NEW
13:58:42,T013,INFY,BUY,350,1567.00,O0174,EXECUTE
13:59:00,T014,TCS,SELL,100,4155.00,O0175,NEW
13:59:02,T014,TCS,SELL,100,4155.00,O0175,EXECUTE
13:59:20,T015,TSLA,BUY,400,332.00,O0176,NEW
13:59:22,T015,TSLA,BUY,400,332.00,O0176,EXECUTE
13:59:40,T016,NVDA,BUY,600,174.20,O0177,NEW
13:59:42,T016,NVDA,BUY,600,174.20,O0177,EXECUTE
14:00:00,T017,MSFT,SELL,250,442.00,O0178,NEW
14:00:02,T017,MSFT,SELL,250,442.00,O0178,EXECUTE
14:00:20,T018,AAPL,BUY,300,229.00,O0179,NEW
14:00:22,T018,AAPL,BUY,300,229.00,O0179,EXECUTE
14:00:40,T020,INFY,SELL,350,1568.00,O0180,NEW
14:00:42,T020,INFY,SELL,350,1568.00,O0180,EXECUTE
14:01:00,T021,HDFCBANK,BUY,400,1828.00,O0181,NEW
14:01:02,T021,HDFCBANK,BUY,400,1828.00,O0181,EXECUTE
14:01:20,T022,NVDA,BUY,700,174.50,O0182,NEW
14:01:22,T022,NVDA,BUY,700,174.50,O0182,EXECUTE
14:01:40,T023,MSFT,SELL,200,442.50,O0183,NEW
14:01:42,T023,MSFT,SELL,200,442.50,O0183,EXECUTE
14:02:00,T024,TSLA,BUY,350,332.20,O0184,NEW
14:02:02,T024,TSLA,BUY,350,332.20,O0184,EXECUTE
14:02:20,T025,AAPL,SELL,250,229.20,O0185,NEW
14:02:22,T025,AAPL,SELL,250,229.20,O0185,EXECUTE

14:10:01,T001,NVDA,BUY,850,174.80,O0186,NEW
14:10:03,T001,NVDA,BUY,850,174.80,O0186,EXECUTE
14:10:20,T002,AAPL,SELL,450,229.50,O0187,NEW
14:10:22,T002,AAPL,SELL,450,229.50,O0187,EXECUTE
14:10:40,T003,MSFT,BUY,300,443.00,O0188,NEW
14:10:42,T003,MSFT,BUY,300,443.00,O0188,EXECUTE
14:11:00,T004,HDFCBANK,BUY,250,1829.00,O0189,NEW
14:11:02,T004,HDFCBANK,BUY,250,1829.00,O0189,EXECUTE
14:11:20,T005,RELIANCE,SELL,300,3032.00,O0190,NEW
14:11:22,T005,RELIANCE,SELL,300,3032.00,O0190,EXECUTE

14:12:00,T011,NVDA,BUY,10000,175.00,O20001,NEW
14:12:02,T011,NVDA,BUY,10000,175.00,O20001,EXECUTE
14:12:20,T011,NVDA,SELL,10000,175.00,O20002,NEW
14:12:22,T011,NVDA,SELL,10000,175.00,O20002,EXECUTE

14:13:00,T006,INFY,BUY,400,1569.00,O0191,NEW
14:13:02,T006,INFY,BUY,400,1569.00,O0191,EXECUTE
14:13:20,T007,AAPL,SELL,300,229.80,O0192,NEW
14:13:22,T007,AAPL,SELL,300,229.80,O0192,EXECUTE
14:13:40,T008,TCS,BUY,150,4158.00,O0193,NEW
14:13:42,T008,TCS,BUY,150,4158.00,O0193,EXECUTE
14:14:00,T009,NVDA,BUY,700,175.20,O0194,NEW
14:14:02,T009,NVDA,BUY,700,175.20,O0194,EXECUTE
14:14:20,T010,MSFT,SELL,250,443.50,O0195,NEW
14:14:22,T010,MSFT,SELL,250,443.50,O0195,EXECUTE

14:15:00,T018,RELIANCE,BUY,9000,3035.00,O21001,NEW
14:15:01,T018,RELIANCE,BUY,9000,3035.00,O21001,CANCEL
14:15:03,T018,RELIANCE,BUY,9000,3036.00,O21002,NEW
14:15:04,T018,RELIANCE,BUY,9000,3036.00,O21002,CANCEL
14:15:06,T018,RELIANCE,BUY,9000,3037.00,O21003,NEW
14:15:07,T018,RELIANCE,BUY,9000,3037.00,O21003,CANCEL
14:15:09,T018,RELIANCE,BUY,9000,3038.00,O21004,NEW
14:15:10,T018,RELIANCE,BUY,9000,3038.00,O21004,CANCEL
14:15:12,T018,RELIANCE,BUY,9000,3039.00,O21005,NEW
14:15:13,T018,RELIANCE,BUY,9000,3039.00,O21005,CANCEL
14:15:15,T018,RELIANCE,BUY,9000,3040.00,O21006,NEW
14:15:16,T018,RELIANCE,BUY,9000,3040.00,O21006,CANCEL

14:16:00,T012,HDFCBANK,SELL,200,1830.00,O0196,NEW
14:16:02,T012,HDFCBANK,SELL,200,1830.00,O0196,EXECUTE
14:16:20,T013,INFY,BUY,350,1570.00,O0197,NEW
14:16:22,T013,INFY,BUY,350,1570.00,O0197,EXECUTE
14:16:40,T014,TCS,SELL,100,4160.00,O0198,NEW
14:16:42,T014,TCS,SELL,100,4160.00,O0198,EXECUTE
14:17:00,T015,TSLA,BUY,450,333.00,O0199,NEW
14:17:02,T015,TSLA,BUY,450,333.00,O0199,EXECUTE
14:17:20,T016,MSFT,BUY,300,444.00,O0200,NEW
14:17:22,T016,MSFT,BUY,300,444.00,O0200,EXECUTE
14:17:40,T017,NVDA,SELL,500,175.40,O0201,NEW
14:17:42,T017,NVDA,SELL,500,175.40,O0201,EXECUTE
14:18:00,T019,RELIANCE,BUY,300,3042.00,O0202,NEW
14:18:02,T019,RELIANCE,BUY,300,3042.00,O0202,EXECUTE
14:18:20,T020,INFY,SELL,300,1571.00,O0203,NEW
14:18:22,T020,INFY,SELL,300,1571.00,O0203,EXECUTE
14:18:40,T021,HDFCBANK,BUY,350,1831.00,O0204,NEW
14:18:42,T021,HDFCBANK,BUY,350,1831.00,O0204,EXECUTE
14:19:00,T022,NVDA,BUY,600,175.50,O0205,NEW
14:19:02,T022,NVDA,BUY,600,175.50,O0205,EXECUTE
14:19:20,T023,MSFT,SELL,200,444.50,O0206,NEW
14:19:22,T023,MSFT,SELL,200,444.50,O0206,EXECUTE
14:19:40,T024,TSLA,BUY,300,333.20,O0207,NEW
14:19:42,T024,TSLA,BUY,300,333.20,O0207,EXECUTE
14:20:00,T025,AAPL,SELL,250,230.00,O0208,NEW
14:20:02,T025,AAPL,SELL,250,230.00,O0208,EXECUTE

14:30:01,T001,NVDA,BUY,900,175.80,O0209,NEW
14:30:03,T001,NVDA,BUY,900,175.80,O0209,EXECUTE
14:30:20,T002,AAPL,SELL,400,230.20,O0210,NEW
14:30:22,T002,AAPL,SELL,400,230.20,O0210,EXECUTE
14:30:40,T003,MSFT,BUY,300,445.00,O0211,NEW
14:30:42,T003,MSFT,BUY,300,445.00,O0211,EXECUTE
14:31:00,T004,HDFCBANK,BUY,250,1832.00,O0212,NEW
14:31:02,T004,HDFCBANK,BUY,250,1832.00,O0212,EXECUTE
14:31:20,T005,RELIANCE,SELL,300,3045.00,O0213,NEW
14:31:22,T005,RELIANCE,SELL,300,3045.00,O0213,EXECUTE

14:32:00,T015,NVDA,BUY,20000,176.00,O22001,NEW
14:32:02,T015,NVDA,BUY,20000,176.00,O22001,EXECUTE
14:32:20,T015,NVDA,BUY,22000,176.80,O22002,NEW
14:32:22,T015,NVDA,BUY,22000,176.80,O22002,EXECUTE
14:32:40,T015,NVDA,BUY,25000,177.50,O22003,NEW
14:32:42,T015,NVDA,BUY,25000,177.50,O22003,EXECUTE
14:33:00,T015,NVDA,BUY,28000,178.20,O22004,NEW
14:33:03,T015,NVDA,BUY,28000,178.20,O22004,EXECUTE
14:34:00,T015,NVDA,SELL,95000,182.50,O22005,NEW
14:34:03,T015,NVDA,SELL,95000,182.50,O22005,EXECUTE

14:35:00,T006,INFY,BUY,400,1572.00,O0214,NEW
14:35:02,T006,INFY,BUY,400,1572.00,O0214,EXECUTE
14:35:20,T007,AAPL,SELL,300,230.50,O0215,NEW
14:35:22,T007,AAPL,SELL,300,230.50,O0215,EXECUTE
14:35:40,T008,TCS,BUY,150,4162.00,O0216,NEW
14:35:42,T008,TCS,BUY,150,4162.00,O0216,EXECUTE
14:36:00,T009,NVDA,BUY,700,176.20,O0217,NEW
14:36:02,T009,NVDA,BUY,700,176.20,O0217,EXECUTE

14:37:00,T024,MSFT,BUY,35000,446.00,O23001,NEW
14:37:02,T024,MSFT,BUY,35000,446.00,O23001,EXECUTE
14:37:20,T024,MSFT,BUY,30000,446.50,O23002,NEW
14:37:22,T024,MSFT,BUY,30000,446.50,O23002,EXECUTE
14:37:40,T024,MSFT,BUY,28000,447.00,O23003,NEW
14:37:42,T024,MSFT,BUY,28000,447.00,O23003,EXECUTE
14:38:00,T024,MSFT,BUY,25000,447.50,O23004,NEW
14:38:02,T024,MSFT,BUY,25000,447.50,O23004,EXECUTE

14:39:00,T010,MSFT,SELL,250,447.80,O0218,NEW
14:39:02,T010,MSFT,SELL,250,447.80,O0218,EXECUTE
14:39:20,T011,HDFCBANK,BUY,300,1833.00,O0219,NEW
14:39:22,T011,HDFCBANK,BUY,300,1833.00,O0219,EXECUTE
14:39:40,T012,RELIANCE,SELL,200,3048.00,O0220,NEW
14:39:42,T012,RELIANCE,SELL,200,3048.00,O0220,EXECUTE
14:40:00,T013,INFY,BUY,300,1573.00,O0221,NEW
14:40:02,T013,INFY,BUY,300,1573.00,O0221,EXECUTE
14:40:20,T014,TCS,SELL,100,4165.00,O0222,NEW
14:40:22,T014,TCS,SELL,100,4165.00,O0222,EXECUTE
14:40:40,T016,NVDA,BUY,600,176.50,O0223,NEW
14:40:42,T016,NVDA,BUY,600,176.50,O0223,EXECUTE
14:41:00,T017,MSFT,SELL,200,448.00,O0224,NEW
14:41:02,T017,MSFT,SELL,200,448.00,O0224,EXECUTE
14:41:20,T018,AAPL,BUY,250,230.80,O0225,NEW
14:41:22,T018,AAPL,BUY,250,230.80,O0225,EXECUTE
14:41:40,T019,RELIANCE,SELL,200,3050.00,O0226,NEW
14:41:42,T019,RELIANCE,SELL,200,3050.00,O0226,EXECUTE
14:42:00,T020,INFY,BUY,350,1574.00,O0227,NEW
14:42:02,T020,INFY,BUY,350,1574.00,O0227,EXECUTE
14:42:20,T021,HDFCBANK,BUY,300,1834.00,O0228,NEW
14:42:22,T021,HDFCBANK,BUY,300,1834.00,O0228,EXECUTE
14:42:40,T022,NVDA,BUY,500,176.80,O0229,NEW
14:42:42,T022,NVDA,BUY,500,176.80,O0229,EXECUTE
14:43:00,T023,MSFT,SELL,150,448.20,O0230,NEW
14:43:02,T023,MSFT,SELL,150,448.20,O0230,EXECUTE
14:43:20,T025,AAPL,BUY,400,231.00,O0231,NEW
14:43:22,T025,AAPL,BUY,400,231.00,O0231,EXECUTE

14:50:01,T001,NVDA,BUY,1200,177.00,O0232,NEW
14:50:03,T001,NVDA,BUY,1200,177.00,O0232,EXECUTE
14:50:20,T002,AAPL,SELL,800,231.20,O0233,NEW
14:50:22,T002,AAPL,SELL,800,231.20,O0233,EXECUTE
14:50:40,T003,MSFT,BUY,500,449.00,O0234,NEW
14:50:42,T003,MSFT,BUY,500,449.00,O0234,EXECUTE
14:51:00,T004,HDFCBANK,BUY,300,1835.00,O0235,NEW
14:51:02,T004,HDFCBANK,BUY,300,1835.00,O0235,EXECUTE
14:51:20,T005,RELIANCE,SELL,400,3052.00,O0236,NEW
14:51:22,T005,RELIANCE,SELL,400,3052.00,O0236,EXECUTE
14:51:40,T006,INFY,BUY,600,1575.00,O0237,NEW
14:51:42,T006,INFY,BUY,600,1575.00,O0237,EXECUTE
14:52:00,T007,AAPL,BUY,500,231.50,O0238,NEW
14:52:02,T007,AAPL,BUY,500,231.50,O0238,EXECUTE
14:52:20,T008,TCS,SELL,200,4168.00,O0239,NEW
14:52:22,T008,TCS,SELL,200,4168.00,O0239,EXECUTE
14:52:40,T009,NVDA,BUY,700,177.20,O0240,NEW
14:52:42,T009,NVDA,BUY,700,177.20,O0240,EXECUTE
14:53:00,T010,MSFT,SELL,300,449.50,O0241,NEW
14:53:02,T010,MSFT,SELL,300,449.50,O0241,EXECUTE
14:53:20,T011,HDFCBANK,BUY,250,1836.00,O0242,NEW
14:53:22,T011,HDFCBANK,BUY,250,1836.00,O0242,EXECUTE
14:53:40,T012,RELIANCE,BUY,350,3054.00,O0243,NEW
14:53:42,T012,RELIANCE,BUY,350,3054.00,O0243,EXECUTE
14:54:00,T013,INFY,SELL,500,1576.00,O0244,NEW
14:54:02,T013,INFY,SELL,500,1576.00,O0244,EXECUTE
14:54:20,T014,TCS,BUY,150,4170.00,O0245,NEW
14:54:22,T014,TCS,BUY,150,4170.00,O0245,EXECUTE
14:54:40,T015,TSLA,BUY,800,334.00,O0246,NEW
14:54:42,T015,TSLA,BUY,800,334.00,O0246,EXECUTE
14:55:00,T016,NVDA,SELL,600,177.50,O0247,NEW
14:55:02,T016,NVDA,SELL,600,177.50,O0247,EXECUTE
14:55:20,T017,MSFT,BUY,400,450.00,O0248,NEW
14:55:22,T017,MSFT,BUY,400,450.00,O0248,EXECUTE
14:55:40,T018,AAPL,SELL,300,231.80,O0249,NEW
14:55:42,T018,AAPL,SELL,300,231.80,O0249,EXECUTE
14:56:00,T019,RELIANCE,BUY,250,3056.00,O0250,NEW
14:56:02,T019,RELIANCE,BUY,250,3056.00,O0250,EXECUTE
14:56:20,T020,INFY,BUY,450,1577.00,O0251,NEW
14:56:22,T020,INFY,BUY,450,1577.00,O0251,EXECUTE
14:56:40,T021,HDFCBANK,SELL,200,1837.00,O0252,NEW
14:56:42,T021,HDFCBANK,SELL,200,1837.00,O0252,EXECUTE
14:57:00,T022,NVDA,BUY,500,177.80,O0253,NEW
14:57:02,T022,NVDA,BUY,500,177.80,O0253,EXECUTE
14:57:20,T023,MSFT,SELL,250,450.20,O0254,NEW
14:57:22,T023,MSFT,SELL,250,450.20,O0254,EXECUTE
14:57:40,T024,TSLA,BUY,350,334.20,O0255,NEW
14:57:42,T024,TSLA,BUY,350,334.20,O0255,EXECUTE
14:58:00,T025,AAPL,BUY,400,232.00,O0256,NEW
14:58:02,T025,AAPL,BUY,400,232.00,O0256,EXECUTE

14:59:01,T001,MSFT,BUY,450,450.50,O0257,NEW
14:59:03,T001,MSFT,BUY,450,450.50,O0257,EXECUTE
14:59:20,T002,NVDA,SELL,700,178.00,O0258,NEW
14:59:22,T002,NVDA,SELL,700,178.00,O0258,EXECUTE
14:59:40,T003,AAPL,BUY,500,232.20,O0259,NEW
14:59:42,T003,AAPL,BUY,500,232.20,O0259,EXECUTE
15:00:00,T004,RELIANCE,BUY,300,3058.00,O0260,NEW
15:00:02,T004,RELIANCE,BUY,300,3058.00,O0260,EXECUTE
15:00:20,T005,HDFCBANK,SELL,250,1838.00,O0261,NEW
15:00:22,T005,HDFCBANK,SELL,250,1838.00,O0261,EXECUTE
15:00:40,T006,INFY,BUY,600,1578.00,O0262,NEW
15:00:42,T006,INFY,BUY,600,1578.00,O0262,EXECUTE
15:01:00,T007,TCS,BUY,150,4172.00,O0263,NEW
15:01:02,T007,TCS,BUY,150,4172.00,O0263,EXECUTE
15:01:20,T008,TSLA,SELL,400,334.50,O0264,NEW
15:01:22,T008,TSLA,SELL,400,334.50,O0264,EXECUTE
15:01:40,T009,NVDA,BUY,800,178.20,O0265,NEW
15:01:42,T009,NVDA,BUY,800,178.20,O0265,EXECUTE
15:02:00,T010,AAPL,SELL,300,232.40,O0266,NEW
15:02:02,T010,AAPL,SELL,300,232.40,O0266,EXECUTE
15:02:20,T011,MSFT,BUY,350,451.00,O0267,NEW
15:02:22,T011,MSFT,BUY,350,451.00,O0267,EXECUTE
15:02:40,T012,RELIANCE,SELL,250,3060.00,O0268,NEW
15:02:42,T012,RELIANCE,SELL,250,3060.00,O0268,EXECUTE
15:03:00,T013,HDFCBANK,BUY,300,1839.00,O0269,NEW
15:03:02,T013,HDFCBANK,BUY,300,1839.00,O0269,EXECUTE
15:03:20,T014,INFY,SELL,400,1579.00,O0270,NEW
15:03:22,T014,INFY,SELL,400,1579.00,O0270,EXECUTE
15:03:40,T015,TCS,BUY,200,4175.00,O0271,NEW
15:03:42,T015,TCS,BUY,200,4175.00,O0271,EXECUTE
15:04:00,T016,TSLA,BUY,500,335.00,O0272,NEW
15:04:02,T016,TSLA,BUY,500,335.00,O0272,EXECUTE
15:04:20,T017,NVDA,SELL,600,178.40,O0273,NEW
15:04:22,T017,NVDA,SELL,600,178.40,O0273,EXECUTE
15:04:40,T018,AAPL,BUY,450,232.60,O0274,NEW
15:04:42,T018,AAPL,BUY,450,232.60,O0274,EXECUTE
15:05:00,T019,MSFT,SELL,250,451.50,O0275,NEW
15:05:02,T019,MSFT,SELL,250,451.50,O0275,EXECUTE
15:05:20,T020,RELIANCE,BUY,350,3062.00,O0276,NEW
15:05:22,T020,RELIANCE,BUY,350,3062.00,O0276,EXECUTE
15:05:40,T021,HDFCBANK,BUY,200,1840.00,O0277,NEW
15:05:42,T021,HDFCBANK,BUY,200,1840.00,O0277,EXECUTE
15:06:00,T022,INFY,BUY,500,1580.00,O0278,NEW
15:06:02,T022,INFY,BUY,500,1580.00,O0278,EXECUTE
15:06:20,T023,TCS,SELL,150,4178.00,O0279,NEW
15:06:22,T023,TCS,SELL,150,4178.00,O0279,EXECUTE
15:06:40,T024,TSLA,BUY,400,335.40,O0280,NEW
15:06:42,T024,TSLA,BUY,400,335.40,O0280,EXECUTE
15:07:00,T025,NVDA,BUY,700,178.60,O0281,NEW
15:07:02,T025,NVDA,BUY,700,178.60,O0281,EXECUTE

15:08:01,T001,AAPL,BUY,500,232.80,O0282,NEW
15:08:03,T001,AAPL,BUY,500,232.80,O0282,EXECUTE
15:08:20,T002,MSFT,SELL,300,452.00,O0283,NEW
15:08:22,T002,MSFT,SELL,300,452.00,O0283,EXECUTE
15:08:40,T003,RELIANCE,BUY,250,3065.00,O0284,NEW
15:08:42,T003,RELIANCE,BUY,250,3065.00,O0284,EXECUTE
15:09:00,T004,NVDA,BUY,700,178.80,O0285,NEW
15:09:02,T004,NVDA,BUY,700,178.80,O0285,EXECUTE
15:09:20,T005,HDFCBANK,SELL,200,1841.00,O0286,NEW
15:09:22,T005,HDFCBANK,SELL,200,1841.00,O0286,EXECUTE
15:09:40,T006,INFY,BUY,400,1581.00,O0287,NEW
15:09:42,T006,INFY,BUY,400,1581.00,O0287,EXECUTE
15:10:00,T007,TCS,SELL,150,4180.00,O0288,NEW
15:10:02,T007,TCS,SELL,150,4180.00,O0288,EXECUTE
15:10:20,T008,TSLA,BUY,300,335.80,O0289,NEW
15:10:22,T008,TSLA,BUY,300,335.80,O0289,EXECUTE
15:10:40,T009,AAPL,BUY,600,233.00,O0290,NEW
15:10:42,T009,AAPL,BUY,600,233.00,O0290,EXECUTE
15:11:00,T010,MSFT,BUY,250,452.50,O0291,NEW
15:11:02,T010,MSFT,BUY,250,452.50,O0291,EXECUTE
15:11:20,T011,RELIANCE,SELL,300,3068.00,O0292,NEW
15:11:22,T011,RELIANCE,SELL,300,3068.00,O0292,EXECUTE
15:11:40,T012,NVDA,BUY,500,179.00,O0293,NEW
15:11:42,T012,NVDA,BUY,500,179.00,O0293,EXECUTE
15:12:00,T013,HDFCBANK,BUY,250,1842.00,O0294,NEW
15:12:02,T013,HDFCBANK,BUY,250,1842.00,O0294,EXECUTE
15:12:20,T014,INFY,SELL,350,1582.00,O0295,NEW
15:12:22,T014,INFY,SELL,350,1582.00,O0295,EXECUTE
15:12:40,T015,TCS,BUY,200,4182.00,O0296,NEW
15:12:42,T015,TCS,BUY,200,4182.00,O0296,EXECUTE
15:13:00,T016,TSLA,SELL,400,336.00,O0297,NEW
15:13:02,T016,TSLA,SELL,400,336.00,O0297,EXECUTE
15:13:20,T017,AAPL,BUY,450,233.20,O0298,NEW
15:13:22,T017,AAPL,BUY,450,233.20,O0298,EXECUTE
15:13:40,T018,MSFT,SELL,300,453.00,O0299,NEW
15:13:42,T018,MSFT,SELL,300,453.00,O0299,EXECUTE
15:14:00,T019,RELIANCE,BUY,200,3070.00,O0300,NEW
15:14:02,T019,RELIANCE,BUY,200,3070.00,O0300,EXECUTE
15:14:20,T020,NVDA,SELL,500,179.20,O0301,NEW
15:14:22,T020,NVDA,SELL,500,179.20,O0301,EXECUTE
15:14:40,T021,HDFCBANK,BUY,150,1843.00,O0302,NEW
15:14:42,T021,HDFCBANK,BUY,150,1843.00,O0302,EXECUTE
15:15:00,T022,INFY,BUY,300,1583.00,O0303,NEW
15:15:02,T022,INFY,BUY,300,1583.00,O0303,EXECUTE
15:15:20,T023,TCS,SELL,100,4185.00,O0304,NEW
15:15:22,T023,TCS,SELL,100,4185.00,O0304,EXECUTE
15:15:40,T024,TSLA,BUY,350,336.20,O0305,NEW
15:15:42,T024,TSLA,BUY,350,336.20,O0305,EXECUTE
15:16:00,T025,AAPL,BUY,400,233.50,O0306,NEW
15:16:02,T025,AAPL,BUY,400,233.50,O0306,EXECUTE

15:17:01,T001,RELIANCE,BUY,300,3072.00,O0307,NEW
15:17:03,T001,RELIANCE,BUY,300,3072.00,O0307,EXECUTE
15:17:20,T002,NVDA,SELL,500,179.40,O0308,NEW
15:17:22,T002,NVDA,SELL,500,179.40,O0308,EXECUTE
15:17:40,T003,HDFCBANK,BUY,250,1844.00,O0309,NEW
15:17:42,T003,HDFCBANK,BUY,250,1844.00,O0309,EXECUTE
15:18:00,T004,INFY,SELL,300,1584.00,O0310,NEW
15:18:02,T004,INFY,SELL,300,1584.00,O0310,EXECUTE
15:18:20,T005,TCS,BUY,150,4188.00,O0311,NEW
15:18:22,T005,TCS,BUY,150,4188.00,O0311,EXECUTE
15:18:40,T006,TSLA,BUY,400,336.50,O0312,NEW
15:18:42,T006,TSLA,BUY,400,336.50,O0312,EXECUTE
15:19:00,T007,AAPL,SELL,350,233.80,O0313,NEW
15:19:02,T007,AAPL,SELL,350,233.80,O0313,EXECUTE
15:19:20,T008,MSFT,BUY,300,453.50,O0314,NEW
15:19:22,T008,MSFT,BUY,300,453.50,O0314,EXECUTE
15:19:40,T009,RELIANCE,SELL,200,3074.00,O0315,NEW
15:19:42,T009,RELIANCE,SELL,200,3074.00,O0315,EXECUTE
15:20:00,T010,NVDA,BUY,600,179.60,O0316,NEW
15:20:02,T010,NVDA,BUY,600,179.60,O0316,EXECUTE
15:20:20,T011,HDFCBANK,SELL,150,1845.00,O0317,NEW
15:20:22,T011,HDFCBANK,SELL,150,1845.00,O0317,EXECUTE
15:20:40,T012,INFY,BUY,500,1585.00,O0318,NEW
15:20:42,T012,INFY,BUY,500,1585.00,O0318,EXECUTE
15:21:00,T013,TCS,SELL,100,4190.00,O0319,NEW
15:21:02,T013,TCS,SELL,100,4190.00,O0319,EXECUTE
15:21:20,T014,TSLA,BUY,350,336.80,O0320,NEW
15:21:22,T014,TSLA,BUY,350,336.80,O0320,EXECUTE
15:21:40,T015,AAPL,BUY,400,234.00,O0321,NEW
15:21:42,T015,AAPL,BUY,400,234.00,O0321,EXECUTE
15:22:00,T016,MSFT,SELL,250,454.00,O0322,NEW
15:22:02,T016,MSFT,SELL,250,454.00,O0322,EXECUTE
15:22:20,T017,RELIANCE,BUY,300,3076.00,O0323,NEW
15:22:22,T017,RELIANCE,BUY,300,3076.00,O0323,EXECUTE
15:22:40,T018,NVDA,SELL,450,179.80,O0324,NEW
15:22:42,T018,NVDA,SELL,450,179.80,O0324,EXECUTE
15:23:00,T019,HDFCBANK,BUY,200,1846.00,O0325,NEW
15:23:02,T019,HDFCBANK,BUY,200,1846.00,O0325,EXECUTE
15:23:20,T020,INFY,BUY,350,1586.00,O0326,NEW
15:23:22,T020,INFY,BUY,350,1586.00,O0326,EXECUTE
15:23:40,T021,TCS,SELL,100,4192.00,O0327,NEW
15:23:42,T021,TCS,SELL,100,4192.00,O0327,EXECUTE
15:24:00,T022,TSLA,BUY,300,337.00,O0328,NEW
15:24:02,T022,TSLA,BUY,300,337.00,O0328,EXECUTE
15:24:20,T023,AAPL,SELL,250,234.20,O0329,NEW
15:24:22,T023,AAPL,SELL,250,234.20,O0329,EXECUTE
15:24:40,T024,MSFT,BUY,200,454.50,O0330,NEW
15:24:42,T024,MSFT,BUY,200,454.50,O0330,EXECUTE
15:25:00,T025,RELIANCE,BUY,250,3078.00,O0331,NEW
15:25:02,T025,RELIANCE,BUY,250,3078.00,O0331,EXECUTE

15:25:20,T001,NVDA,BUY,600,180.00,O0332,NEW
15:25:22,T001,NVDA,BUY,600,180.00,O0332,EXECUTE
15:25:40,T002,AAPL,SELL,300,234.50,O0333,NEW
15:25:42,T002,AAPL,SELL,300,234.50,O0333,EXECUTE
15:26:00,T003,MSFT,BUY,250,455.00,O0334,NEW
15:26:02,T003,MSFT,BUY,250,455.00,O0334,EXECUTE
15:26:20,T004,HDFCBANK,BUY,200,1847.00,O0335,NEW
15:26:22,T004,HDFCBANK,BUY,200,1847.00,O0335,EXECUTE
15:26:40,T005,RELIANCE,SELL,250,3080.00,O0336,NEW
15:26:42,T005,RELIANCE,SELL,250,3080.00,O0336,EXECUTE
15:27:00,T006,INFY,BUY,400,1587.00,O0337,NEW
15:27:02,T006,INFY,BUY,400,1587.00,O0337,EXECUTE
15:27:20,T007,TCS,BUY,100,4195.00,O0338,NEW
15:27:22,T007,TCS,BUY,100,4195.00,O0338,EXECUTE
15:27:40,T008,TSLA,SELL,300,337.50,O0339,NEW
15:27:42,T008,TSLA,SELL,300,337.50,O0339,EXECUTE
15:28:00,T009,NVDA,BUY,500,180.20,O0340,NEW
15:28:02,T009,NVDA,BUY,500,180.20,O0340,EXECUTE
15:28:20,T010,AAPL,BUY,350,234.80,O0341,NEW
15:28:22,T010,AAPL,BUY,350,234.80,O0341,EXECUTE
15:28:40,T011,MSFT,SELL,200,455.50,O0342,NEW
15:28:42,T011,MSFT,SELL,200,455.50,O0342,EXECUTE
15:29:00,T012,RELIANCE,BUY,300,3082.00,O0343,NEW
15:29:02,T012,RELIANCE,BUY,300,3082.00,O0343,EXECUTE
15:29:20,T013,HDFCBANK,SELL,150,1848.00,O0344,NEW
15:29:22,T013,HDFCBANK,SELL,150,1848.00,O0344,EXECUTE
15:29:40,T014,INFY,BUY,450,1588.00,O0345,NEW
15:29:42,T014,INFY,BUY,450,1588.00,O0345,EXECUTE
15:30:00,T015,TCS,SELL,120,4198.00,O0346,NEW
15:30:02,T015,TCS,SELL,120,4198.00,O0346,EXECUTE
15:30:20,T016,TSLA,BUY,250,338.00,O0347,NEW
15:30:22,T016,TSLA,BUY,250,338.00,O0347,EXECUTE
15:30:40,T017,AAPL,BUY,300,235.00,O0348,NEW
15:30:42,T017,AAPL,BUY,300,235.00,O0348,EXECUTE
15:31:00,T018,MSFT,SELL,150,456.00,O0349,NEW
15:31:02,T018,MSFT,SELL,150,456.00,O0349,EXECUTE
15:31:20,T019,RELIANCE,BUY,250,3084.00,O0350,NEW
15:31:22,T019,RELIANCE,BUY,250,3084.00,O0350,EXECUTE
15:31:40,T020,NVDA,SELL,400,180.50,O0351,NEW
15:31:42,T020,NVDA,SELL,400,180.50,O0351,EXECUTE
15:32:00,T021,HDFCBANK,BUY,180,1849.00,O0352,NEW
15:32:02,T021,HDFCBANK,BUY,180,1849.00,O0352,EXECUTE
15:32:20,T022,INFY,SELL,300,1589.00,O0353,NEW
15:32:22,T022,INFY,SELL,300,1589.00,O0353,EXECUTE
15:32:40,T023,TCS,BUY,100,4200.00,O0354,NEW
15:32:42,T023,TCS,BUY,100,4200.00,O0354,EXECUTE
15:33:00,T024,TSLA,BUY,250,338.20,O0355,NEW
15:33:02,T024,TSLA,BUY,250,338.20,O0355,EXECUTE
15:33:20,T025,AAPL,SELL,200,235.20,O0356,NEW
15:33:22,T025,AAPL,SELL,200,235.20,O0356,EXECUTE

15:34:01,T001,RELIANCE,BUY,300,3086.00,O0357,NEW
15:34:03,T001,RELIANCE,BUY,300,3086.00,O0357,EXECUTE
15:34:20,T002,NVDA,SELL,400,180.80,O0358,NEW
15:34:22,T002,NVDA,SELL,400,180.80,O0358,EXECUTE
15:34:40,T003,HDFCBANK,BUY,200,1850.00,O0359,NEW
15:34:42,T003,HDFCBANK,BUY,200,1850.00,O0359,EXECUTE
15:35:00,T004,INFY,SELL,300,1590.00,O0360,NEW
15:35:02,T004,INFY,SELL,300,1590.00,O0360,EXECUTE
15:35:20,T005,TCS,BUY,150,4202.00,O0361,NEW
15:35:22,T005,TCS,BUY,150,4202.00,O0361,EXECUTE
15:35:40,T006,TSLA,BUY,300,338.50,O0362,NEW
15:35:42,T006,TSLA,BUY,300,338.50,O0362,EXECUTE
15:36:00,T007,AAPL,SELL,250,235.50,O0363,NEW
15:36:02,T007,AAPL,SELL,250,235.50,O0363,EXECUTE
15:36:20,T008,MSFT,BUY,200,456.50,O0364,NEW
15:36:22,T008,MSFT,BUY,200,456.50,O0364,EXECUTE
15:36:40,T009,RELIANCE,SELL,150,3088.00,O0365,NEW
15:36:42,T009,RELIANCE,SELL,150,3088.00,O0365,EXECUTE
15:37:00,T010,NVDA,BUY,500,181.00,O0366,NEW
15:37:02,T010,NVDA,BUY,500,181.00,O0366,EXECUTE
15:37:20,T011,HDFCBANK,SELL,100,1851.00,O0367,NEW
15:37:22,T011,HDFCBANK,SELL,100,1851.00,O0367,EXECUTE
15:37:40,T012,INFY,BUY,350,1591.00,O0368,NEW
15:37:42,T012,INFY,BUY,350,1591.00,O0368,EXECUTE
15:38:00,T013,TCS,SELL,120,4205.00,O0369,NEW
15:38:02,T013,TCS,SELL,120,4205.00,O0369,EXECUTE
15:38:20,T014,TSLA,BUY,250,339.00,O0370,NEW
15:38:22,T014,TSLA,BUY,250,339.00,O0370,EXECUTE
15:38:40,T015,AAPL,BUY,300,235.80,O0371,NEW
15:38:42,T015,AAPL,BUY,300,235.80,O0371,EXECUTE
15:39:00,T016,MSFT,SELL,150,457.00,O0372,NEW
15:39:02,T016,MSFT,SELL,150,457.00,O0372,EXECUTE
15:39:20,T017,RELIANCE,BUY,250,3090.00,O0373,NEW
15:39:22,T017,RELIANCE,BUY,250,3090.00,O0373,EXECUTE
15:39:40,T018,NVDA,SELL,300,181.20,O0374,NEW
15:39:42,T018,NVDA,SELL,300,181.20,O0374,EXECUTE
15:40:00,T019,HDFCBANK,BUY,180,1852.00,O0375,NEW
15:40:02,T019,HDFCBANK,BUY,180,1852.00,O0375,EXECUTE
15:40:20,T020,INFY,BUY,250,1592.00,O0376,NEW
15:40:22,T020,INFY,BUY,250,1592.00,O0376,EXECUTE
15:40:40,T021,TCS,SELL,100,4208.00,O0377,NEW
15:40:42,T021,TCS,SELL,100,4208.00,O0377,EXECUTE
15:41:00,T022,TSLA,BUY,200,339.20,O0378,NEW
15:41:02,T022,TSLA,BUY,200,339.20,O0378,EXECUTE
15:41:20,T023,AAPL,SELL,150,236.00,O0379,NEW
15:41:22,T023,AAPL,SELL,150,236.00,O0379,EXECUTE
15:41:40,T024,MSFT,BUY,200,457.50,O0380,NEW
15:41:42,T024,MSFT,BUY,200,457.50,O0380,EXECUTE
15:42:00,T025,RELIANCE,BUY,200,3092.00,O0381,NEW
15:42:02,T025,RELIANCE,BUY,200,3092.00,O0381,EXECUTE

15:42:20,T001,NVDA,BUY,400,181.40,O0382,NEW
15:42:22,T001,NVDA,BUY,400,181.40,O0382,EXECUTE
15:42:40,T002,AAPL,SELL,200,236.20,O0383,NEW
15:42:42,T002,AAPL,SELL,200,236.20,O0383,EXECUTE
15:43:00,T003,MSFT,BUY,150,458.00,O0384,NEW
15:43:02,T003,MSFT,BUY,150,458.00,O0384,EXECUTE
15:43:20,T004,HDFCBANK,BUY,180,1853.00,O0385,NEW
15:43:22,T004,HDFCBANK,BUY,180,1853.00,O0385,EXECUTE
15:43:40,T005,RELIANCE,SELL,200,3094.00,O0386,NEW
15:43:42,T005,RELIANCE,SELL,200,3094.00,O0386,EXECUTE
15:44:00,T006,INFY,BUY,300,1593.00,O0387,NEW
15:44:02,T006,INFY,BUY,300,1593.00,O0387,EXECUTE
15:44:20,T007,TCS,BUY,100,4210.00,O0388,NEW
15:44:22,T007,TCS,BUY,100,4210.00,O0388,EXECUTE
15:44:40,T008,TSLA,SELL,150,339.50,O0389,NEW
15:44:42,T008,TSLA,SELL,150,339.50,O0389,EXECUTE
15:45:00,T009,NVDA,BUY,300,181.60,O0390,NEW
15:45:02,T009,NVDA,BUY,300,181.60,O0390,EXECUTE
15:45:20,T010,AAPL,BUY,250,236.40,O0391,NEW
15:45:22,T010,AAPL,BUY,250,236.40,O0391,EXECUTE
15:45:40,T011,MSFT,SELL,120,458.50,O0392,NEW
15:45:42,T011,MSFT,SELL,120,458.50,O0392,EXECUTE
15:46:00,T012,RELIANCE,BUY,180,3096.00,O0393,NEW
15:46:02,T012,RELIANCE,BUY,180,3096.00,O0393,EXECUTE
15:46:20,T013,HDFCBANK,SELL,100,1854.00,O0394,NEW
15:46:22,T013,HDFCBANK,SELL,100,1854.00,O0394,EXECUTE
15:46:40,T014,INFY,BUY,250,1594.00,O0395,NEW
15:46:42,T014,INFY,BUY,250,1594.00,O0395,EXECUTE
15:47:00,T015,TCS,SELL,80,4212.00,O0396,NEW
15:47:02,T015,TCS,SELL,80,4212.00,O0396,EXECUTE
15:47:20,T016,TSLA,BUY,180,340.00,O0397,NEW
15:47:22,T016,TSLA,BUY,180,340.00,O0397,EXECUTE
15:47:40,T017,AAPL,BUY,220,236.60,O0398,NEW
15:47:42,T017,AAPL,BUY,220,236.60,O0398,EXECUTE
15:48:00,T018,MSFT,SELL,100,459.00,O0399,NEW
15:48:02,T018,MSFT,SELL,100,459.00,O0399,EXECUTE
15:48:20,T019,RELIANCE,BUY,150,3098.00,O0400,NEW
15:48:22,T019,RELIANCE,BUY,150,3098.00,O0400,EXECUTE
15:48:40,T020,NVDA,SELL,250,181.80,O0401,NEW
15:48:42,T020,NVDA,SELL,250,181.80,O0401,EXECUTE
15:49:00,T021,HDFCBANK,BUY,120,1855.00,O0402,NEW
15:49:02,T021,HDFCBANK,BUY,120,1855.00,O0402,EXECUTE
15:49:20,T022,INFY,SELL,180,1595.00,O0403,NEW
15:49:22,T022,INFY,SELL,180,1595.00,O0403,EXECUTE
15:49:40,T023,TCS,BUY,90,4215.00,O0404,NEW
15:49:42,T023,TCS,BUY,90,4215.00,O0404,EXECUTE
15:50:00,T024,TSLA,BUY,150,340.20,O0405,NEW
15:50:02,T024,TSLA,BUY,150,340.20,O0405,EXECUTE
15:50:20,T025,AAPL,SELL,100,236.80,O0406,NEW
15:50:22,T025,AAPL,SELL,100,236.80,O0406,EXECUTE

15:50:40,T001,MSFT,BUY,120,459.20,O0407,NEW
15:50:42,T001,MSFT,BUY,120,459.20,O0407,EXECUTE
15:51:00,T002,RELIANCE,SELL,150,3100.00,O0408,NEW
15:51:02,T002,RELIANCE,SELL,150,3100.00,O0408,EXECUTE
15:51:20,T003,NVDA,BUY,200,182.00,O0409,NEW
15:51:22,T003,NVDA,BUY,200,182.00,O0409,EXECUTE
15:51:40,T004,HDFCBANK,BUY,100,1856.00,O0410,NEW
15:51:42,T004,HDFCBANK,BUY,100,1856.00,O0410,EXECUTE
15:52:00,T005,INFY,SELL,180,1596.00,O0411,NEW
15:52:02,T005,INFY,SELL,180,1596.00,O0411,EXECUTE
15:52:20,T006,TCS,BUY,80,4218.00,O0412,NEW
15:52:22,T006,TCS,BUY,80,4218.00,O0412,EXECUTE
15:52:40,T007,TSLA,BUY,120,340.50,O0413,NEW
15:52:42,T007,TSLA,BUY,120,340.50,O0413,EXECUTE
15:53:00,T008,AAPL,SELL,100,237.00,O0414,NEW
15:53:02,T008,AAPL,SELL,100,237.00,O0414,EXECUTE
15:53:20,T009,MSFT,BUY,150,459.50,O0415,NEW
15:53:22,T009,MSFT,BUY,150,459.50,O0415,EXECUTE
15:53:40,T010,RELIANCE,BUY,100,3102.00,O0416,NEW
15:53:42,T010,RELIANCE,BUY,100,3102.00,O0416,EXECUTE
15:54:00,T011,NVDA,SELL,150,182.20,O0417,NEW
15:54:02,T011,NVDA,SELL,150,182.20,O0417,EXECUTE
15:54:20,T012,HDFCBANK,BUY,120,1857.00,O0418,NEW
15:54:22,T012,HDFCBANK,BUY,120,1857.00,O0418,EXECUTE
15:54:40,T013,INFY,BUY,200,1597.00,O0419,NEW
15:54:42,T013,INFY,BUY,200,1597.00,O0419,EXECUTE
15:55:00,T014,TCS,SELL,60,4220.00,O0420,NEW
15:55:02,T014,TCS,SELL,60,4220.00,O0420,EXECUTE
15:55:20,T015,TSLA,BUY,100,341.00,O0421,NEW
15:55:22,T015,TSLA,BUY,100,341.00,O0421,EXECUTE
15:55:40,T016,AAPL,BUY,120,237.20,O0422,NEW
15:55:42,T016,AAPL,BUY,120,237.20,O0422,EXECUTE
15:56:00,T017,MSFT,SELL,80,460.00,O0423,NEW
15:56:02,T017,MSFT,SELL,80,460.00,O0423,EXECUTE
15:56:20,T018,RELIANCE,BUY,100,3104.00,O0424,NEW
15:56:22,T018,RELIANCE,BUY,100,3104.00,O0424,EXECUTE
15:56:40,T019,NVDA,BUY,150,182.50,O0425,NEW
15:56:42,T019,NVDA,BUY,150,182.50,O0425,EXECUTE
15:57:00,T020,HDFCBANK,SELL,100,1858.00,O0426,NEW
15:57:02,T020,HDFCBANK,SELL,100,1858.00,O0426,EXECUTE
15:57:20,T021,INFY,BUY,180,1598.00,O0427,NEW
15:57:22,T021,INFY,BUY,180,1598.00,O0427,EXECUTE
15:57:40,T022,TCS,BUY,70,4222.00,O0428,NEW
15:57:42,T022,TCS,BUY,70,4222.00,O0428,EXECUTE
15:58:00,T023,TSLA,SELL,90,341.20,O0429,NEW
15:58:02,T023,TSLA,SELL,90,341.20,O0429,EXECUTE
15:58:20,T024,AAPL,BUY,100,237.50,O0430,NEW
15:58:22,T024,AAPL,BUY,100,237.50,O0430,EXECUTE
15:58:40,T025,MSFT,BUY,120,460.50,O0431,NEW
15:58:42,T025,MSFT,BUY,120,460.50,O0431,EXECUTE

15:59:00,T001,AAPL,BUY,100,237.80,O0432,NEW
15:59:02,T001,AAPL,BUY,100,237.80,O0432,EXECUTE
15:59:05,T002,MSFT,SELL,80,461.00,O0433,NEW
15:59:07,T002,MSFT,SELL,80,461.00,O0433,EXECUTE
15:59:10,T003,RELIANCE,BUY,120,3106.00,O0434,NEW
15:59:12,T003,RELIANCE,BUY,120,3106.00,O0434,EXECUTE
15:59:15,T004,NVDA,BUY,150,182.80,O0435,NEW
15:59:17,T004,NVDA,BUY,150,182.80,O0435,EXECUTE
15:59:20,T005,HDFCBANK,SELL,100,1859.00,O0436,NEW
15:59:22,T005,HDFCBANK,SELL,100,1859.00,O0436,EXECUTE
15:59:25,T006,INFY,BUY,150,1599.00,O0437,NEW
15:59:27,T006,INFY,BUY,150,1599.00,O0437,EXECUTE

15:59:30,T007,NVDA,BUY,120000,183.00,O30001,NEW
15:59:31,T007,NVDA,BUY,120000,183.10,O30002,NEW
15:59:32,T007,NVDA,BUY,120000,183.20,O30003,NEW
15:59:33,T007,NVDA,BUY,120000,183.30,O30004,NEW
15:59:34,T007,NVDA,BUY,120000,183.40,O30005,NEW

15:59:35,T007,NVDA,BUY,120000,183.00,O30001,CANCEL
15:59:35,T007,NVDA,BUY,120000,183.10,O30002,CANCEL
15:59:36,T007,NVDA,BUY,120000,183.20,O30003,CANCEL
15:59:36,T007,NVDA,BUY,120000,183.30,O30004,CANCEL
15:59:37,T007,NVDA,BUY,120000,183.40,O30005,CANCEL

15:59:38,T007,NVDA,BUY,120000,183.50,O30006,NEW
15:59:39,T007,NVDA,BUY,120000,183.50,O30006,CANCEL
15:59:40,T007,NVDA,BUY,120000,183.60,O30007,NEW
15:59:41,T007,NVDA,BUY,120000,183.60,O30007,CANCEL
15:59:42,T007,NVDA,BUY,120000,183.70,O30008,NEW
15:59:43,T007,NVDA,BUY,120000,183.70,O30008,CANCEL

15:59:44,T007,NVDA,SELL,5000,186.50,O30009,NEW
15:59:46,T007,NVDA,SELL,5000,186.50,O30009,EXECUTE

15:59:47,T008,AAPL,BUY,100,238.00,O0438,NEW
15:59:49,T008,AAPL,BUY,100,238.00,O0438,EXECUTE
15:59:50,T009,MSFT,SELL,120,461.20,O0439,NEW
15:59:52,T009,MSFT,SELL,120,461.20,O0439,EXECUTE
15:59:53,T010,RELIANCE,BUY,100,3108.00,O0440,NEW
15:59:55,T010,RELIANCE,BUY,100,3108.00,O0440,EXECUTE
15:59:56,T011,NVDA,SELL,150,183.20,O0441,NEW
15:59:58,T011,NVDA,SELL,150,183.20,O0441,EXECUTE

15:59:59,T012,HDFCBANK,BUY,100,1860.00,O0442,NEW
16:00:00,T012,HDFCBANK,BUY,100,1860.00,O0442,EXECUTE
16:00:00,T013,INFY,BUY,100,1600.00,O0443,NEW
16:00:01,T013,INFY,BUY,100,1600.00,O0443,EXECUTE
16:00:01,T014,TCS,SELL,50,4225.00,O0444,NEW
16:00:02,T014,TCS,SELL,50,4225.00,O0444,EXECUTE
16:00:02,T015,TSLA,BUY,100,341.50,O0445,NEW
16:00:03,T015,TSLA,BUY,100,341.50,O0445,EXECUTE
16:00:03,T016,AAPL,SELL,80,238.10,O0446,NEW
16:00:04,T016,AAPL,SELL,80,238.10,O0446,EXECUTE
16:00:04,T017,MSFT,BUY,100,461.50,O0447,NEW
16:00:05,T017,MSFT,BUY,100,461.50,O0447,EXECUTE
16:00:05,T018,RELIANCE,SELL,100,3110.00,O0448,NEW
16:00:06,T018,RELIANCE,SELL,100,3110.00,O0448,EXECUTE
16:00:06,T019,NVDA,BUY,120,183.40,O0449,NEW
16:00:07,T019,NVDA,BUY,120,183.40,O0449,EXECUTE
16:00:07,T020,HDFCBANK,SELL,80,1860.50,O0450,NEW
16:00:08,T020,HDFCBANK,SELL,80,1860.50,O0450,EXECUTE